


{
  "description": "Test",
  "polygon": {
      "spatialReference": {
          "latestWkid": 3857,
          "wkid": 102100
      },
      "rings": [
          [
              [
                  -12442356.98623566,
                  5124862.963410039
              ],
              [
                  -12442356.98623566,
                  5123285.073909796
              ],
              [
                  -12446410.721116662,
                  5123285.073909796
              ],
              [
                  -12446410.721116662,
                  5124862.963410039
              ],
              [
                  -12442356.98623566,
                  5124862.963410039
              ]
          ]
      ]
  }
}